start,end
0.31927437641723355,2.9248072562358276
